Top pages,Clicks,Impressions,CTR,Position
https://www.advmdshahalam.me/,34,525,6.48%,5.32
https://www.advmdshahalam.me/blog/cyber-crime-complaint-bangladesh,25,1686,1.48%,4.38
https://www.advmdshahalam.me/blog/bail-process-bangladesh,15,1790,0.84%,3.42
https://www.advmdshahalam.me/blog/divorce-procedure-bangladesh,12,4665,0.26%,4.48
https://www.advmdshahalam.me/blog/child-custody-law-bangladesh,10,1495,0.67%,4.02
https://www.advmdshahalam.me/blog/land-dispute-case-bangladesh,6,1107,0.54%,4.02
https://www.advmdshahalam.me/blog/cheque-dishonour-case-law-bangladesh,5,893,0.56%,7.12
https://www.advmdshahalam.me/advocate-md-shah-alam,5,96,5.21%,4.83
https://www.advmdshahalam.me/blog/mutation-process-bangladesh,4,3067,0.13%,5.72
https://www.advmdshahalam.me/services/divorce-lawyer,4,342,1.17%,23.45
https://www.advmdshahalam.me/blog/company-director-liability-bangladesh,4,178,2.25%,3.51
https://www.advmdshahalam.me/blog,3,137,2.19%,6.07
https://www.advmdshahalam.me/bn/blog/narcotics-case-law-bangladesh-bn,3,85,3.53%,9.42
https://www.advmdshahalam.me/blog/mobile-banking-fraud-legal-action-bangladesh,2,764,0.26%,4.01
https://www.advmdshahalam.me/bn/blog/manahanir-ain-bangladesh-bn,2,43,4.65%,5.23
https://www.advmdshahalam.me/bn/contact,2,12,16.67%,5.08
https://www.advmdshahalam.me/blog/cyber-crime-digital-security-act-bangladesh,1,718,0.14%,5.59
https://www.advmdshahalam.me/blog/property-registration-process-bangladesh,1,345,0.29%,6.34
https://www.advmdshahalam.me/blog/cyber-blackmail-sextortion-bangladesh,1,337,0.3%,2.83
https://www.advmdshahalam.me/blog/income-tax-case-procedure-bangladesh,1,92,1.09%,5.84
https://www.advmdshahalam.me/blog/narcotics-case-law-bangladesh,1,84,1.19%,4.68
https://www.advmdshahalam.me/blog/hire-cyber-crime-lawyer-bangladesh,1,51,1.96%,5.1
https://www.advmdshahalam.me/blog/supreme-court-writ-petition-bangladesh,1,27,3.7%,3.04
https://advmdshahalam.me/,1,7,14.29%,2.43
https://www.advmdshahalam.me/privacy,1,7,14.29%,2.43
https://www.advmdshahalam.me/services/bail-lawyer,1,6,16.67%,4.33
https://www.advmdshahalam.me/blog/court-marriage-procedure-bangladesh,0,1118,0%,4.96
https://www.advmdshahalam.me/blog/hacking-unauthorized-computer-access-bangladesh,0,637,0%,2.72
https://www.advmdshahalam.me/blog/fir-after-what-to-do-bangladesh,0,564,0%,6.63
https://www.advmdshahalam.me/blog/power-of-attorney-land-transfer-bangladesh,0,440,0%,5.45
https://www.advmdshahalam.me/blog/digital-security-act-bangladesh-legal-rights,0,318,0%,6.51
https://www.advmdshahalam.me/bn/services/criminal-lawyer,0,266,0%,18.01
https://www.advmdshahalam.me/blog/how-to-file-divorce-petition-bangladesh,0,167,0%,4.74
https://www.advmdshahalam.me/blog/wife-rights-after-divorce-bangladesh,0,159,0%,4.36
https://www.advmdshahalam.me/blog/digital-security-act-rights-defences-bangladesh,0,93,0%,5.81
https://www.advmdshahalam.me/bn/blog/bail-process-bangladesh-bn,0,48,0%,5.29
https://www.advmdshahalam.me/blog/police-remand-rights-bangladesh,0,26,0%,3.65
https://www.advmdshahalam.me/blog/flat-apartment-purchase-legal-checklist-bangladesh,0,24,0%,5.21
https://www.advmdshahalam.me/blog/domestic-violence-protection-order-bangladesh,0,21,0%,5.62
https://www.advmdshahalam.me/bn/blog/court-marriage-procedure-bangladesh-bn,0,21,0%,8.67
https://www.advmdshahalam.me/blog/anticipatory-bail-bangladesh,0,15,0%,4.47
https://advmdshahalam.me/blog/domestic-violence-protection-order-bangladesh,0,8,0%,4.62
https://www.advmdshahalam.me/bn/blog/income-tax-notice-response-bangladesh-bn,0,8,0%,5.38
https://www.advmdshahalam.me/sitemap.xml,0,5,0%,3.6
https://www.advmdshahalam.me/bn/blog/ghoroa-nir-jatan-suraksha-adesh-bangladesh,0,3,0%,2.33
https://www.advmdshahalam.me/bn/blog/land-dispute-case-bangladesh-bn,0,3,0%,4.33
https://www.advmdshahalam.me/bn/blog/power-of-attorney-land-transfer-bangladesh-bn,0,2,0%,6.5
https://advmdshahalam.me/bn/blog/ghoroa-nir-jatan-suraksha-adesh-bangladesh,0,1,0%,1
https://www.advmdshahalam.me/blog/writ-petition-high-court-guide-bangladesh,0,1,0%,2