URL,Last crawled
https://www.advmdshahalam.me/services/divorce-lawyer,2026-05-17
https://advmdshahalam.me/blog/bail-process-bangladesh,2026-05-16
https://advmdshahalam.me/bn/services/bail-lawyer,2026-05-16
https://advmdshahalam.me/blog/cheque-dishonour-bangladesh-section-138,2026-05-16
https://advmdshahalam.me/bn/services/supreme-court-lawyer,2026-05-16
https://advmdshahalam.me/bn/services/criminal-lawyer,2026-05-16
https://advmdshahalam.me/blog/land-registration-fees-process-bangladesh,2026-05-15
https://www.advmdshahalam.me/blog/land-dispute-legal-remedies-bangladesh,2026-05-15
https://advmdshahalam.me/blog/property-registration-process-bangladesh,2026-05-15
https://www.advmdshahalam.me/blog/property-registration-process-bangladesh,2026-05-15
https://www.advmdshahalam.me/blog/bail-process-bangladesh,2026-05-14
https://advmdshahalam.me/blog/flat-apartment-purchase-legal-checklist-bangladesh,2026-05-13
https://www.advmdshahalam.me/bn/blog/cyber-crime-abiyog-bangladesh,2026-05-13
https://advmdshahalam.me/blog/land-dispute-case-bangladesh,2026-05-13
https://advmdshahalam.me/blog/how-to-file-divorce-petition-bangladesh,2026-05-13
https://www.advmdshahalam.me/bn/services/land-lawyer,2026-05-12
https://www.advmdshahalam.me/blog/hire-criminal-lawyer-bangladesh,2026-05-12
https://www.advmdshahalam.me/bn/services/tax-lawyer,2026-05-12
https://advmdshahalam.me/blog/child-custody-bangladesh-muslim-law,2026-05-12
https://www.advmdshahalam.me/blog/child-custody-bangladesh-muslim-law,2026-05-12
https://advmdshahalam.me/bn/blog/how-to-stop-false-criminal-case-bangladesh-bn,2026-05-11
https://www.advmdshahalam.me/blog/divorce-from-court-bangladesh-muslim-law,2026-05-11
https://advmdshahalam.me/blog/police-remand-rights-bangladesh,2026-05-11
https://www.advmdshahalam.me/blog/quash-false-case-bangladesh,2026-05-11
https://advmdshahalam.me/blog/contract-breach-specific-performance-bangladesh,2026-05-11
https://www.advmdshahalam.me/blog/contract-breach-specific-performance-bangladesh,2026-05-11
https://advmdshahalam.me/blog/digital-security-act-bangladesh-legal-rights,2026-05-10
https://www.advmdshahalam.me/blog/digital-security-act-bangladesh-legal-rights,2026-05-10
http://advmdshahalam.me/,2026-05-05
https://www.advmdshahalam.me/blog/mahr-dower-rights-wife-bangladesh,2026-04-20
https://advmdshahalam.me/blog/power-of-attorney-land-transfer-bangladesh,2026-04-12